{
  "description": {
    "title": "Dahora Baby",
    "text": "A Dahora Baby é uma loja com o objetivo de oferecer as mamães e aos nossas crianças oque há de melhor no mercado, trabalhando apenas com produtos importados e nacionais. Queremos estar presentes em cada fase dos nossos pequenos, porque sabemos a importância de cada uma e como elas passam rápido!!   Nós queremos e fazemos o possível para que sua experiência ao comprar em nossa loja seja a melhor possível, desde o momento da compra até a hora em que o produto chega até você.  Estaremos sempre trazendo novidades aos nossos clientes e as melhores marcas disponíveis no mercado.  Sinta-se a vontade para tirar todas as suas duvidas antes de efetuar a compra, teremos o maior prazer em atende-los. Att, Juliana Cristina Santin."
  },
  "links_1": {
    "list_pages": true,
    "title": "Páginas",
    "list": []
  },
  "links_2": {
    "list_categories": true,
    "title": "Categorias",
    "list": []
  },
  "contacts": {
    "title": "Contatos",
    "phone_wpp": true,
    "socials": true,
    "email": true,
    "address": true
  },
  "stamps": [
    {
      "src": "/img/uploads/ssl-safe.png",
      "alt": "Secure connection"
    }
  ],
  "payment_methods": {
    "bb": true,
    "visa": true,
    "boleto": true,
    "aura": false,
    "banrisul": false,
    "elo": true,
    "hipercard": false,
    "hsbc": false,
    "bradesco": true,
    "santander": false,
    "mastercard": true,
    "citibank": false,
    "mais": false,
    "itau": true
  },
  "credits": "© Dahora Baby / Rua Joaquim Murtinho,2475 Bairro Porto Cuiaba - MT 78025-110 / 35978395000186 "
}